model,lDDToligo_True,TMscore,QSglob,lDDToligo_EnQA-MSA
H1143TS073_1,0.784,0.952,0.909,0.86474609375
H1143TS439_1,0.852,0.974,0.909,0.87744140625
H1143TS446_2,0.884,0.979,0.908,0.86669921875
H1143TS461_1,0.881,0.978,0.908,0.8740234375
H1143TS439_5,0.853,0.978,0.908,0.87451171875
H1143TS446_1,0.881,0.978,0.908,0.8740234375
H1143TS461_2,0.884,0.979,0.908,0.86669921875
H1143TS225_1,0.885,0.978,0.907,0.90185546875
H1143TS239_1,0.851,0.973,0.907,0.87255859375
H1143TS350_1,0.879,0.978,0.906,0.703125
H1143TS374_2,0.886,0.979,0.906,0.88037109375
H1143TS187_2,0.883,0.979,0.906,0.86572265625
H1143TS312_1,0.886,0.976,0.906,0.70361328125
H1143TS205_3,0.885,0.98,0.906,0.876953125
H1143TS288_1,0.875,0.972,0.906,0.87841796875
H1143TS423_2,0.883,0.979,0.906,0.86572265625
H1143TS348_5,0.888,0.975,0.905,0.8798828125
H1143TS037_1,0.891,0.979,0.905,0.884765625
H1143TS374_1,0.891,0.978,0.905,0.88134765625
H1143TS239_3,0.853,0.969,0.905,0.8779296875
H1143TS439_2,0.853,0.969,0.905,0.8779296875
H1143TS180_3,0.881,0.976,0.904,0.9140625
H1143TS367_4,0.883,0.972,0.904,0.873046875
H1143TS180_4,0.882,0.975,0.904,0.9150390625
H1143TS225_2,0.879,0.977,0.904,0.869140625
H1143TS434_2,0.889,0.979,0.904,0.880859375
H1143TS298_2,0.884,0.978,0.904,0.87890625
H1143TS314_1,0.885,0.979,0.904,0.8759765625
H1143TS320_1,0.888,0.976,0.904,0.873046875
H1143TS390_1,0.888,0.976,0.904,0.87255859375
H1143TS348_4,0.888,0.976,0.904,0.873046875
H1143TS150_1,0.888,0.976,0.904,0.77978515625
H1143TS180_2,0.881,0.974,0.904,0.91748046875
H1143TS348_1,0.885,0.979,0.904,0.8759765625
H1143TS011_2,0.889,0.979,0.904,0.880859375
H1143TS390_2,0.885,0.979,0.904,0.8759765625
H1143TS227_2,0.889,0.979,0.904,0.880859375
H1143TS298_4,0.884,0.977,0.904,0.8759765625
H1143TS320_2,0.885,0.979,0.904,0.8759765625
H1143TS011_3,0.888,0.977,0.903,0.8798828125
H1143TS423_1,0.882,0.976,0.903,0.86279296875
H1143TS239_5,0.853,0.975,0.903,0.87158203125
H1143TS434_1,0.889,0.979,0.903,0.876953125
H1143TS227_3,0.888,0.977,0.903,0.8798828125
H1143TS434_3,0.888,0.977,0.903,0.8798828125
H1143TS227_1,0.889,0.979,0.903,0.876953125
H1143TS187_1,0.882,0.976,0.903,0.86279296875
H1143TS011_1,0.889,0.979,0.903,0.876953125
H1143TS348_2,0.888,0.975,0.903,0.880859375
H1143TS180_5,0.881,0.974,0.902,0.91455078125
H1143TS158_5,0.89,0.978,0.902,0.87744140625
H1143TS086_4,0.89,0.978,0.902,0.87744140625
H1143TS180_1,0.882,0.975,0.902,0.91650390625
H1143TS086_3,0.89,0.976,0.902,0.87890625
H1143TS158_3,0.89,0.976,0.902,0.87890625
H1143TS003_5,0.89,0.976,0.902,0.87890625
H1143TS374_3,0.881,0.973,0.902,0.89990234375
H1143TS003_3,0.891,0.979,0.901,0.876953125
H1143TS086_2,0.891,0.979,0.901,0.876953125
H1143TS298_1,0.887,0.977,0.901,0.87646484375
H1143TS003_1,0.887,0.98,0.901,0.8828125
H1143TS003_2,0.887,0.98,0.901,0.88330078125
H1143TS158_1,0.891,0.979,0.901,0.876953125
H1143TS367_1,0.882,0.966,0.9,0.86669921875
H1143TS374_4,0.885,0.98,0.9,0.87939453125
H1143TS390_4,0.884,0.972,0.9,0.87060546875
H1143TS477_1,0.866,0.972,0.9,0.8564453125
H1143TS298_3,0.886,0.977,0.9,0.87353515625
H1143TS227_4,0.885,0.976,0.9,0.87451171875
H1143TS086_1,0.888,0.98,0.9,0.8798828125
H1143TS158_2,0.888,0.98,0.9,0.8798828125
H1143TS320_4,0.884,0.972,0.9,0.87060546875
H1143TS003_4,0.888,0.98,0.9,0.8798828125
H1143TS278_1,0.891,0.977,0.9,0.880859375
H1143TS011_4,0.885,0.976,0.9,0.87451171875
H1143TS434_4,0.885,0.976,0.9,0.87451171875
H1143TS158_4,0.887,0.978,0.899,0.87744140625
H1143TS169_3,0.886,0.978,0.899,0.87353515625
H1143TS188_2,0.886,0.978,0.899,0.87353515625
H1143TS188_1,0.886,0.976,0.899,0.87353515625
H1143TS086_5,0.887,0.978,0.899,0.87744140625
H1143TS098_2,0.886,0.978,0.899,0.87353515625
H1143TS169_2,0.886,0.976,0.899,0.87353515625
H1143TS098_1,0.886,0.976,0.899,0.87353515625
H1143TS133_4,0.888,0.976,0.898,0.8671875
H1143TS348_3,0.885,0.975,0.898,0.8681640625
H1143TS227_5,0.888,0.976,0.898,0.8671875
H1143TS245_3,0.885,0.975,0.898,0.8681640625
H1143TS385_3,0.885,0.975,0.898,0.8681640625
H1143TS390_3,0.885,0.975,0.898,0.8681640625
H1143TS320_3,0.885,0.975,0.898,0.8681640625
H1143TS098_5,0.88,0.964,0.897,0.86376953125
H1143TS188_5,0.88,0.964,0.897,0.86376953125
H1143TS098_3,0.879,0.964,0.894,0.87109375
H1143TS188_3,0.879,0.964,0.894,0.87109375
H1143TS169_4,0.879,0.964,0.894,0.87109375
H1143TS444_2,0.856,0.974,0.893,0.87353515625
H1143TS298_5,0.88,0.967,0.893,0.86962890625
H1143TS494_2,0.87,0.977,0.893,0.78662109375
H1143TS360_5,0.88,0.967,0.893,0.86962890625
H1143TS054_5,0.89,0.982,0.892,0.86669921875
H1143TS125_5,0.89,0.982,0.892,0.86669921875
H1143TS367_3,0.88,0.964,0.892,0.8701171875
H1143TS399_5,0.89,0.982,0.892,0.86669921875
H1143TS035_1,0.874,0.966,0.89,0.87890625
H1143TS248_1,0.874,0.966,0.89,0.87890625
H1143TS312_5,0.881,0.968,0.889,0.70263671875
H1143TS320_5,0.879,0.957,0.888,0.86572265625
H1143TS390_5,0.879,0.957,0.888,0.86572265625
H1143TS494_1,0.871,0.98,0.888,0.78369140625
H1143TS360_4,0.879,0.957,0.888,0.86572265625
H1143TS312_3,0.879,0.966,0.887,0.70263671875
H1143TS367_5,0.879,0.955,0.886,0.8583984375
H1143TS367_2,0.877,0.961,0.885,0.83642578125
H1143TS360_3,0.878,0.952,0.885,0.86181640625
H1143TS188_4,0.878,0.952,0.884,0.86083984375
H1143TS169_1,0.878,0.952,0.884,0.86083984375
H1143TS098_4,0.878,0.952,0.884,0.86083984375
H1143TS360_1,0.878,0.953,0.884,0.86328125
H1143TS360_2,0.874,0.948,0.88,0.8525390625
H1143TS444_5,0.851,0.97,0.876,0.87451171875
H1143TS133_1,0.873,0.94,0.875,0.85400390625
H1143TS169_5,0.872,0.939,0.868,0.83837890625
H1143TS462_2,0.863,0.946,0.864,0.89697265625
H1143TS071_1,0.847,0.92,0.853,0.8037109375
H1143TS462_3,0.859,0.923,0.841,0.8955078125
H1143TS462_1,0.857,0.914,0.82,0.89453125
H1143TS462_5,0.854,0.905,0.815,0.89404296875
H1143TS071_2,0.823,0.89,0.808,0.794921875
H1143TS133_3,0.863,0.933,0.807,0.7939453125
H1143TS462_4,0.853,0.899,0.805,0.8876953125
H1143TS150_2,0.866,0.843,0.797,0.78515625
H1143TS071_4,0.827,0.893,0.793,0.7841796875
H1143TS071_3,0.824,0.886,0.791,0.7841796875
H1143TS257_1,0.752,0.934,0.789,0.8310546875
H1143TS035_5,0.852,0.951,0.777,0.8212890625
H1143TS248_5,0.852,0.951,0.777,0.8212890625
H1143TS288_3,0.848,0.876,0.773,0.806640625
H1143TS071_5,0.832,0.868,0.772,0.779296875
H1143TS133_5,0.853,0.839,0.763,0.78076171875
H1143TS257_4,0.738,0.898,0.739,0.83056640625
H1143TS245_2,0.855,0.779,0.735,0.82470703125
H1143TS385_2,0.855,0.779,0.735,0.82470703125
H1143TS461_4,0.841,0.786,0.73,0.7783203125
H1143TS446_4,0.841,0.786,0.73,0.7783203125
H1143TS091_2,0.78,0.834,0.726,0.70947265625
H1143TS423_4,0.841,0.762,0.721,0.78955078125
H1143TS187_4,0.841,0.762,0.721,0.78955078125
H1143TS446_5,0.841,0.768,0.718,0.7822265625
H1143TS461_5,0.841,0.768,0.718,0.7822265625
H1143TS399_1,0.849,0.779,0.717,0.7978515625
H1143TS125_1,0.849,0.779,0.717,0.7978515625
H1143TS054_1,0.849,0.779,0.717,0.7978515625
H1143TS257_3,0.739,0.901,0.716,0.8291015625
H1143TS446_3,0.84,0.753,0.716,0.78076171875
H1143TS461_3,0.84,0.753,0.716,0.78076171875
H1143TS239_2,0.813,0.745,0.71,0.7890625
H1143TS439_3,0.813,0.745,0.71,0.7880859375
H1143TS278_5,0.831,0.754,0.705,0.81103515625
H1143TS385_1,0.853,0.758,0.704,0.82763671875
H1143TS245_1,0.853,0.758,0.704,0.82763671875
H1143TS091_1,0.766,0.765,0.703,0.802734375
H1143TS350_3,0.819,0.743,0.687,0.7041015625
H1143TS073_3,0.751,0.815,0.685,0.79052734375
H1143TS248_3,0.814,0.849,0.651,0.78076171875
H1143TS035_3,0.814,0.849,0.651,0.78076171875
H1143TS423_5,0.837,0.698,0.649,0.78515625
H1143TS187_5,0.837,0.698,0.649,0.78515625
H1143TS288_4,0.828,0.709,0.647,0.78173828125
H1143TS441_4,0.822,0.706,0.646,0.80859375
H1143TS433_4,0.822,0.706,0.646,0.80859375
H1143TS494_4,0.811,0.699,0.618,0.783203125
H1143TS150_5,0.827,0.861,0.606,0.77685546875
H1143TS091_4,0.774,0.675,0.594,0.7587890625
H1143TS257_5,0.715,0.783,0.593,0.8271484375
H1143TS257_2,0.698,0.825,0.57,0.82958984375
H1143TS091_3,0.773,0.675,0.559,0.65478515625
H1143TS150_4,0.837,0.666,0.532,0.78564453125
H1143TS073_4,0.742,0.668,0.459,0.76806640625
H1143TS234_1,0.746,0.772,0.44,0.49169921875
H1143TS225_3,0.826,0.647,0.428,0.87255859375
H1143TS225_5,0.827,0.639,0.393,0.86181640625
H1143TS225_4,0.823,0.643,0.389,0.873046875
H1143TS234_3,0.75,0.729,0.367,0.4912109375
H1143TS433_3,0.818,0.632,0.325,0.81201171875
H1143TS441_3,0.818,0.632,0.325,0.81201171875
H1143TS441_2,0.818,0.63,0.31,0.82373046875
H1143TS433_2,0.818,0.63,0.31,0.82373046875
H1143TS234_2,0.744,0.679,0.26,0.492919921875
H1143TS234_5,0.739,0.668,0.253,0.491455078125
H1143TS314_4,0.809,0.671,0.248,0.701171875
H1143TS314_5,0.824,0.657,0.245,0.78955078125
H1143TS248_2,0.814,0.664,0.24,0.77001953125
H1143TS035_2,0.814,0.664,0.24,0.77001953125
H1143TS185_4,0.813,0.668,0.233,0.8056640625
H1143TS399_3,0.82,0.651,0.225,0.76025390625
H1143TS125_3,0.82,0.651,0.225,0.76025390625
H1143TS054_3,0.82,0.651,0.225,0.76025390625
H1143TS350_4,0.738,0.658,0.217,0.70458984375
H1143TS239_4,0.787,0.654,0.212,0.7734375
H1143TS185_5,0.792,0.637,0.206,0.78125
H1143TS399_2,0.817,0.653,0.198,0.7763671875
H1143TS054_2,0.817,0.653,0.198,0.7763671875
H1143TS125_2,0.817,0.653,0.198,0.7763671875
H1143TS091_5,0.746,0.707,0.197,0.55712890625
H1143TS288_5,0.819,0.656,0.192,0.79052734375
H1143TS205_1,0.768,0.64,0.183,0.7001953125
H1143TS234_4,0.734,0.666,0.167,0.49169921875
H1143TS097_2,0.806,0.651,0.153,0.833984375
H1143TS073_5,0.725,0.62,0.152,0.77490234375
H1143TS248_4,0.809,0.651,0.149,0.7841796875
H1143TS035_4,0.809,0.651,0.149,0.7841796875
H1143TS434_5,0.821,0.644,0.148,0.79833984375
H1143TS011_5,0.821,0.644,0.148,0.79833984375
H1143TS185_2,0.799,0.684,0.143,0.86767578125
H1143TS150_3,0.823,0.642,0.141,0.78369140625
H1143TS444_3,0.774,0.637,0.127,0.87109375
H1143TS131_1,0.819,0.639,0.127,0.79638671875
H1143TS119_1,0.819,0.639,0.127,0.79638671875
H1143TS398_5,0.771,0.714,0.125,0.873046875
H1143TS278_4,0.809,0.659,0.119,0.75390625
H1143TS147_4,0.752,0.611,0.116,0.39111328125
H1143TS398_4,0.788,0.717,0.11,0.87060546875
H1143TS131_3,0.823,0.64,0.109,0.79052734375
H1143TS119_5,0.823,0.64,0.109,0.79052734375
H1143TS054_4,0.819,0.64,0.103,0.7880859375
H1143TS399_4,0.819,0.64,0.103,0.7880859375
H1143TS125_4,0.819,0.64,0.103,0.7880859375
H1143TS444_4,0.784,0.647,0.101,0.869140625
H1143TS133_2,0.82,0.64,0.099,0.80712890625
H1143TS131_5,0.819,0.64,0.096,0.7880859375
H1143TS314_3,0.749,0.626,0.094,0.69970703125
H1143TS493_4,0.766,0.613,0.093,0.87060546875
H1143TS205_2,0.763,0.65,0.091,0.701171875
H1143TS423_3,0.81,0.637,0.09,0.8046875
H1143TS187_3,0.81,0.637,0.09,0.8046875
H1143TS374_5,0.815,0.646,0.088,0.8056640625
H1143TS131_4,0.819,0.638,0.087,0.7919921875
H1143TS097_1,0.809,0.643,0.085,0.80859375
H1143TS097_3,0.772,0.65,0.083,0.85205078125
H1143TS350_2,0.81,0.639,0.081,0.703125
H1143TS131_2,0.819,0.637,0.079,0.79150390625
H1143TS119_3,0.819,0.637,0.079,0.79150390625
H1143TS278_2,0.811,0.639,0.075,0.82373046875
H1143TS288_2,0.81,0.64,0.074,0.8056640625
H1143TS147_2,0.729,0.596,0.07,0.374267578125
H1143TS073_2,0.735,0.614,0.061,0.79443359375
H1143TS447_2,0.762,0.629,0.057,0.6923828125
H1143TS147_5,0.726,0.597,0.056,0.70166015625
H1143TS147_3,0.724,0.596,0.055,0.69970703125
H1143TS185_1,0.814,0.666,0.054,0.802734375
H1143TS494_5,0.813,0.623,0.047,0.69921875
H1143TS447_4,0.756,0.629,0.047,0.70166015625
H1143TS097_5,0.814,0.634,0.045,0.86669921875
H1143TS447_1,0.762,0.631,0.042,0.69970703125
H1143TS398_1,0.778,0.613,0.034,0.87109375
H1143TS447_3,0.765,0.629,0.033,0.70166015625
H1143TS447_5,0.761,0.628,0.028,0.6982421875
H1143TS165_1,0.705,0.62,0.022,0.55517578125
H1143TS493_5,0.777,0.602,0.018,0.86962890625
H1143TS205_5,0.742,0.612,0.016,0.7021484375
H1143TS165_3,0.729,0.622,0.013,0.494873046875
H1143TS147_1,0.731,0.6,0.012,0.376953125
H1143TS165_2,0.72,0.62,0.011,0.572265625
H1143TS165_5,0.718,0.608,0.01,0.55615234375
H1143TS067_2,0.721,0.58,0.008,0.673828125
H1143TS185_3,0.802,0.602,0.005,0.82958984375
H1143TS165_4,0.732,0.61,0.005,0.56591796875
H1143TS315_1,0.371,0.52,0.004,0.88818359375
H1143TS052_1,0.371,0.52,0.004,0.88818359375
H1143TS494_3,0.804,0.611,0.004,0.77587890625
H1143TS067_1,0.747,0.589,0.003,0.765625
H1143TS493_3,0.785,0.602,0.003,0.873046875
H1143TS441_1,0.801,0.607,0.002,0.8310546875
H1143TS433_1,0.801,0.607,0.002,0.8310546875
H1143TS312_4,0.814,0.61,0.001,0.7041015625
H1143TS097_4,0.806,0.613,0.001,0.8271484375
H1143TS444_1,0.789,0.611,0.001,0.8701171875
H1143TS398_2,0.799,0.609,0.001,0.88134765625
H1143TS312_2,0.816,0.612,0.001,0.70361328125
H1143TS368_5,0.518,0.592,0.0,0.63232421875
H1143TS314_2,0.798,0.601,0.0,0.7021484375
H1143TS119_2,0.801,0.601,0.0,0.80224609375
H1143TS037_2,0.789,0.597,0.0,0.875
H1143TS119_4,0.8,0.601,0.0,0.802734375
H1143TS037_3,0.764,0.596,0.0,0.86865234375
H1143TS368_3,0.521,0.596,0.0,0.64013671875
H1143TS493_2,0.767,0.595,0.0,0.87890625
H1143TS037_5,0.8,0.598,0.0,0.826171875
H1143TS441_5,0.804,0.6,0.0,0.81689453125
H1143TS037_4,0.774,0.596,0.0,0.861328125
H1143TS493_1,0.768,0.597,0.0,0.8779296875
H1143TS333_2,0.524,0.596,0.0,0.615234375
H1143TS333_4,0.504,0.589,0.0,0.63623046875
H1143TS333_5,0.518,0.592,0.0,0.63232421875
H1143TS368_2,0.524,0.596,0.0,0.615234375
H1143TS368_4,0.504,0.589,0.0,0.63623046875
H1143TS205_4,0.734,0.59,0.0,0.7021484375
H1143TS398_3,0.787,0.611,0.0,0.86767578125
H1143TS278_3,0.795,0.601,0.0,0.771484375
H1143TS433_5,0.804,0.6,0.0,0.81689453125
H1143TS350_5,0.79,0.6,0.0,0.703125
H1143TS092_1,0.749,0.596,0.0,0.85888671875
H1143TS333_3,0.521,0.596,0.0,0.64013671875
